{
  "entity_type_error_rate": {
    "MEDICINE": 0.0,
    "PROBLEM": 0.0,
    "PROCEDURE": 0.0,
    "TEST": 0.0,
    "VITAL_NAME": 0.0,
    "IMMUNIZATION": 0.0,
    "MEDICAL_DEVICE": 0.0,
    "MENTAL_STATUS": 0.0,
    "SDOH": 0.0,
    "SOCIAL_HISTORY": 0.0
  },
  "assertion_error_rate": {
    "POSITIVE": 0.0,
    "NEGATIVE": 0.0,
    "UNCERTAIN": 0.0023923444976076554
  },
  "temporality_error_rate": {
    "CURRENT": 0.0,
    "CLINICAL_HISTORY": 0.0,
    "UPCOMING": 0.0,
    "UNCERTAIN": 0.0035885167464114833
  },
  "subject_error_rate": {
    "PATIENT": 0.007177033492822967,
    "FAMILY_MEMBER": 0.0
  },
  "event_date_accuracy": 0.07416267942583732,
  "attribute_completeness": 0.32057416267942584,
  "file_name": "371W13971_J722-244055_20241128.json"
}