{
  "entity_type_error_rate": {
    "MEDICINE": 0.0,
    "PROBLEM": 0.0,
    "PROCEDURE": 0.0,
    "TEST": 0.0,
    "VITAL_NAME": 0.0,
    "IMMUNIZATION": 0.0,
    "MEDICAL_DEVICE": 0.0,
    "MENTAL_STATUS": 0.0,
    "SDOH": 0.0,
    "SOCIAL_HISTORY": 0.0
  },
  "assertion_error_rate": {
    "POSITIVE": 0.0,
    "NEGATIVE": 0.0,
    "UNCERTAIN": 0.004329004329004329
  },
  "temporality_error_rate": {
    "CURRENT": 0.0,
    "CLINICAL_HISTORY": 0.0,
    "UPCOMING": 0.0,
    "UNCERTAIN": 0.008658008658008658
  },
  "subject_error_rate": {
    "PATIENT": 0.006493506493506494,
    "FAMILY_MEMBER": 0.0
  },
  "event_date_accuracy": 0.0021645021645021645,
  "attribute_completeness": 0.29004329004329005,
  "file_name": "019M72177_N991-796129_20241213.json"
}